[
    {
        "subject": "P40",
        "project": "shang"
    },
    {
        "time": 17566.49999995716,
        "clicked": "1",
        "situation": "T0S10.png"
    },
    {
        "time": 17993.400000035763,
        "clicked": "8",
        "situation": "T0S5.png"
    },
    {
        "time": 29031.59999998752,
        "clicked": "8",
        "situation": "T0S2.png"
    },
    {
        "time": 33753.39999998687,
        "clicked": "5",
        "situation": "T0S7.png"
    },
    {
        "time": 24504.300000029616,
        "clicked": "5",
        "situation": "T0S8.png"
    },
    {
        "time": 20199.59999999311,
        "clicked": "7",
        "situation": "T0S9.png"
    },
    {
        "time": 6624.199999962002,
        "clicked": "5",
        "situation": "T0S1.png"
    },
    {
        "time": 19202.30000000447,
        "clicked": "1",
        "situation": "T0S12.png"
    },
    {
        "time": 25065.899999986403,
        "clicked": "8",
        "situation": "T0S3.png"
    },
    {
        "time": 17298.10000001453,
        "clicked": "7",
        "situation": "T0S4.png"
    },
    {
        "time": 38186.19999999646,
        "clicked": "4",
        "situation": "T0S11.png"
    },
    {
        "time": 11576.000000000931,
        "clicked": "3",
        "situation": "T0S6.png"
    },
    {
        "time": 10385.899999993853,
        "clicked": "5",
        "situation": "T0S1.png"
    },
    {
        "time": 45362.40000004135,
        "clicked": "6",
        "situation": "T0S7.png"
    },
    {
        "time": 9704.99999995809,
        "clicked": "1",
        "situation": "T0S10.png"
    },
    {
        "time": 11514.999999955297,
        "clicked": "7",
        "situation": "T0S9.png"
    },
    {
        "time": 21593.300000008196,
        "clicked": "3",
        "situation": "T0S2.png"
    },
    {
        "time": 16650.099999969825,
        "clicked": "1",
        "situation": "T0S5.png"
    },
    {
        "time": 32482.399999979883,
        "clicked": "2",
        "situation": "T0S3.png"
    },
    {
        "time": 15186.300000001676,
        "clicked": "7",
        "situation": "T0S8.png"
    },
    {
        "time": 12890.299999970011,
        "clicked": "6",
        "situation": "T0S12.png"
    },
    {
        "time": 10307.399999990128,
        "clicked": "2",
        "situation": "T0S11.png"
    },
    {
        "time": 14513.899999962188,
        "clicked": "1",
        "situation": "T0S6.png"
    },
    {
        "time": 17817.500000005588,
        "clicked": "7",
        "situation": "T0S4.png"
    },
    {
        "time": 34145.900000002235,
        "clicked": "5",
        "situation": "A4S1.png"
    },
    {
        "time": 13633.80000001099,
        "clicked": "1",
        "situation": "A4S2.png"
    },
    {
        "time": 27001.79999996908,
        "clicked": "1",
        "situation": "A4S3.png"
    },
    {
        "time": 9722.100000013597,
        "clicked": "5",
        "situation": "A4S5.png"
    },
    {
        "time": 22809.599999978207,
        "clicked": "5",
        "situation": "A4S4.png"
    },
    {
        "time": 8802.499999990687,
        "clicked": "1",
        "situation": "A4S1.png"
    },
    {
        "time": 11514.099999970756,
        "clicked": "1",
        "situation": "A4S2.png"
    },
    {
        "time": 13234.10000000149,
        "clicked": "5",
        "situation": "A4S4.png"
    },
    {
        "time": 8664.09999999404,
        "clicked": "5",
        "situation": "A4S5.png"
    },
    {
        "time": 24896.500000031665,
        "clicked": "2",
        "situation": "A4S3.png"
    },
    {
        "time": 12177.900000009686,
        "clicked": "4",
        "situation": "A4S4.png"
    },
    {
        "time": 24969.799999963492,
        "clicked": "1",
        "situation": "A4S3.png"
    },
    {
        "time": 6912.599999981932,
        "clicked": "5",
        "situation": "A4S1.png"
    },
    {
        "time": 18786.099999967963,
        "clicked": "1",
        "situation": "A4S5.png"
    },
    {
        "time": 14490.200000000186,
        "clicked": "2",
        "situation": "A4S2.png"
    },
    {
        "time": 22969.199999991804,
        "clicked": "3",
        "situation": "A4S3.png"
    },
    {
        "time": 18121.89999996964,
        "clicked": "2",
        "situation": "A4S4.png"
    },
    {
        "time": 21810.10000000242,
        "clicked": "7",
        "situation": "A4S5.png"
    },
    {
        "time": 11585.69999999553,
        "clicked": "6",
        "situation": "A4S2.png"
    },
    {
        "time": 16729.099999996834,
        "clicked": "1",
        "situation": "A4S1.png"
    },
    {
        "time": 13209.799999952316,
        "clicked": "8",
        "situation": "A4S5.png"
    },
    {
        "time": 13040.000000037253,
        "clicked": "6",
        "situation": "A4S2.png"
    },
    {
        "time": 15633.700000004843,
        "clicked": "7",
        "situation": "A4S1.png"
    },
    {
        "time": 14266.100000007078,
        "clicked": "7",
        "situation": "A4S4.png"
    },
    {
        "time": 16929.700000036508,
        "clicked": "7",
        "situation": "A4S3.png"
    }
]