{
  "schedule": [
    ["T0S5.png", "T0S10.png", "T0S7.png", "T0S11.png", "T0S4.png", "T0S6.png", "T0S3.png", "T0S2.png", "T0S1.png", "T0S8.png", "T0S12.png", "T0S9.png", "T0S3.png", "T0S4.png", "T0S2.png", "T0S8.png", "T0S10.png", "T0S12.png", "T0S11.png", "T0S5.png", "T0S9.png", "T0S6.png", "T0S7.png", "T0S1.png"],
    ["K3S2.jpg", "K3S1.jpg", "K3S5.jpg", "K3S3.jpg", "K3S4.jpg", "K3S1.jpg", "K3S5.jpg", "K3S3.jpg", "K3S4.jpg", "K3S2.jpg", "K3S5.jpg", "K3S3.jpg", "K3S4.jpg", "K3S2.jpg", "K3S1.jpg", "K3S4.jpg", "K3S5.jpg", "K3S2.jpg", "K3S1.jpg", "K3S3.jpg", "K3S5.jpg", "K3S2.jpg", "K3S3.jpg", "K3S1.jpg", "K3S4.jpg"],
    ["A0S4.png", "A0S5.png", "A0S1.png", "A0S3.png", "A0S2.png", "A0S4.png", "A0S1.png", "A0S2.png", "A0S5.png", "A0S3.png", "A0S1.png", "A0S2.png", "A0S4.png", "A0S5.png", "A0S3.png", "A0S2.png", "A0S3.png", "A0S4.png", "A0S5.png", "A0S1.png", "A0S2.png", "A0S3.png", "A0S4.png", "A0S1.png", "A0S5.png"],
    ["K1S3.png", "K1S5.png", "K1S2.png", "K1S1.png", "K1S4.png", "K1S1.png", "K1S2.png", "K1S3.png", "K1S5.png", "K1S4.png", "K1S1.png", "K1S5.png", "K1S3.png", "K1S4.png", "K1S2.png", "K1S5.png", "K1S4.png", "K1S2.png", "K1S1.png", "K1S3.png", "K1S5.png", "K1S2.png", "K1S3.png", "K1S1.png", "K1S4.png"],
    ["A4S3.png", "A4S1.png", "A4S5.png", "A4S4.png", "A4S2.png", "A4S3.png", "A4S4.png", "A4S1.png", "A4S2.png", "A4S5.png", "A4S2.png", "A4S5.png", "A4S4.png", "A4S1.png", "A4S3.png", "A4S4.png", "A4S5.png", "A4S3.png", "A4S1.png", "A4S2.png", "A4S5.png", "A4S1.png", "A4S3.png", "A4S4.png", "A4S2.png"]
  ],
  "designs": [
    "T0", "K3", "A0", "K1", "A4"
  ],
  "actions": {
    "standard": [
      {"name": "switch off air conditioning", "key": "1"},
      {"name": "drive at constant speed", "key": "2"},
      {"name": "no special reaction / behave as before", "key": "3"},
      {"name": "prepare for next action", "key": "4"},
      {"name": "locate charging station", "key": "5"},
      {"name": "decelerate", "key": "6"},
      {"name": "accelerate", "key": "7"},
      {"name": "none of the above", "key": "8"}
    ],
    "types" : {
      "1": "switch off air conditioning",
      "2": "drive at constant speed",
      "3": "no special reaction / behave as before",
      "4": "prepare for next action",
      "5": "locate charging station",
      "6": "decelerate",
      "7": "accelerate",
      "8": "none of the above"
    },
    "schedule": [
      [[3,4,6,8], [2,4,6,8], [1,3,6,8], [4,5,7,8], [2,3,5,8], [3,5,6,8], [3,5,7,8], [2,5,7,8], [1,4,5,8], [2,3,7,8], [1,5,7,8], [1,6,7,8], [3,5,7,8], [1,3,6,8], [2,5,7,8], [1,2,6,8], [2,3,4,8], [3,6,7,8], [2,5,7,8], [1,4,6,8], [2,3,6,8], [2,3,6,8], [1,3,5,8], [1,4,7,8]],
      [[1,3,6,8],[2,6,7,8],[2,3,6,8],[1,6,7,8],[1,2,3,8],[1,3,6,8],[2,5,7,8],[1,3,7,8],[1,4,7,8],[3,6,7,8],[1,2,7,8],[2,5,6,8],[1,6,7,8],[4,5,7,8],[1,5,6,8],[1,4,7,8],[1,5,6,8],[2,3,5,8],[2,6,7,8],[2,3,4,8],[1,6,7,8],[4,5,7,8],[1,2,3,8],[4,5,6,8],[1,2,7]],
      [[3,4,5,8],[3,5,7,8],[1,2,7,8],[3,4,6,8],[2,3,5,8],[1,2,7,8],[2,4,6,8],[1,2,5,8],[1,3,4,8],[1,2,7,8],[3,4,6,8],[1,4,7,8],[2,4,6,8],[3,4,7,8],[1,3,5,8],[1,2,5,8],[2,3,5,8],[3,4,5,8],[1,3,6,8],[2,5,6,8],[2,5,6,8],[2,4,6,8],[3,4,7,8],[2,5,7,8],[1,5,7]],
      [[1,2,4,8],[1,4,5,8],[1,5,6,8],[4,5,6,8],[2,3,5,8],[5,6,7,8],[2,3,5,8],[1,5,7,8],[4,5,7,8],[1,3,6,8],[4,6,7,8],[4,5,6,8],[1,5,7,8],[1,4,7,8],[3,4,7,8],[4,5,7,8],[1,5,6,8],[1,2,7,8],[1,3,6,8],[3,5,7,8],[2,3,6,8],[3,5,7,8],[1,2,5,8],[1,5,7,8],[2,6,7]],
      [[1,2,4,8],[4,6,7,8],[1,3,7,8],[2,4,7,8],[1,4,5,8],[1,2,5,8],[1,2,4,8],[1,2,4,8],[3,5,6,8],[4,6,7,8],[1,2,4,8],[2,5,7,8],[1,2,7,8],[3,4,5,8],[1,2,4,8],[1,3,5,8],[2,5,7,8],[4,5,7,8],[1,3,6,8],[1,2,5,8],[3,4,6,8],[3,4,7,8],[1,4,7,8],[2,5,7,8],[4,6,7]]
    ]
  }
}
