{
  "schedule": [
    ["T0S2.png", "T0S1.png", "T0S7.png", "T0S4.png", "T0S10.png", "T0S5.png", "T0S6.png", "T0S9.png", "T0S11.png", "T0S3.png", "T0S12.png", "T0S8.png", "T0S5.png", "T0S4.png", "T0S3.png", "T0S1.png", "T0S11.png", "T0S9.png", "T0S10.png", "T0S8.png", "T0S6.png", "T0S2.png", "T0S12.png", "T0S7.png"],
    ["A1S3.jpg", "A1S5.jpg", "A1S4.jpg", "A1S1.jpg", "A1S2.jpg", "A1S1.jpg", "A1S3.jpg", "A1S4.jpg", "A1S2.jpg", "A1S5.jpg", "A1S1.jpg", "A1S3.jpg", "A1S4.jpg", "A1S2.jpg", "A1S5.jpg", "A1S3.jpg", "A1S5.jpg", "A1S2.jpg", "A1S1.jpg", "A1S4.jpg", "A1S2.jpg", "A1S3.jpg", "A1S4.jpg", "A1S5.jpg", "A1S1.jpg"],
    ["K4S1.png", "K4S5.png", "K4S3.png", "K4S2.png", "K4S4.png", "K4S1.png", "K4S4.png", "K4S5.png", "K4S2.png", "K4S3.png", "K4S4.png", "K4S5.png", "K4S1.png", "K4S3.png", "K4S2.png", "K4S5.png", "K4S1.png", "K4S4.png", "K4S2.png", "K4S3.png", "K4S1.png", "K4S2.png", "K4S4.png", "K4S5.png", "K4S3.png"],
    ["A3S3.jpg", "A3S5.jpg", "A3S4.jpg", "A3S2.jpg", "A3S1.jpg", "A3S2.jpg", "A3S3.jpg", "A3S1.jpg", "A3S4.jpg", "A3S5.jpg", "A3S4.jpg", "A3S1.jpg", "A3S3.jpg", "A3S5.jpg", "A3S2.jpg", "A3S1.jpg", "A3S4.jpg", "A3S3.jpg", "A3S2.jpg", "A3S5.jpg", "A3S2.jpg", "A3S1.jpg", "A3S3.jpg", "A3S5.jpg", "A3S4.jpg"],
    ["K0S4.png", "K0S3.png", "K0S5.png", "K0S1.png", "K0S2.png", "K0S5.png", "K0S4.png", "K0S1.png", "K0S3.png", "K0S2.png", "K0S3.png", "K0S2.png", "K0S5.png", "K0S1.png", "K0S4.png", "K0S2.png", "K0S4.png", "K0S3.png", "K0S5.png", "K0S1.png", "K0S3.png", "K0S1.png", "K0S5.png", "K0S2.png", "K0S4.png"]
  ],
  "designs": [
    "T0", "A1", "K4", "A3", "K0"
  ],
  "actions": {
    "standard": [
      {"name": "prepare for next action", "key": "1"},
      {"name": "locate charging station", "key": "2"},
      {"name": "no special reaction / behave as before", "key": "3"},
      {"name": "accelerate", "key": "4"},
      {"name": "decelerate", "key": "5"},
      {"name": "switch off air conditioning", "key": "6"},
      {"name": "drive at constant speed", "key": "7"},
      {"name": "none of the above", "key": "8"}
    ],
    "types" : {
      "1": "prepare for next action",
      "2": "locate charging station",
      "3": "no special reaction / behave as before",
      "4": "accelerate",
      "5": "decelerate",
      "6": "switch off air conditioning",
      "7": "drive at constant speed",
      "8": "none of the above"
    },
    "schedule": [
      [[3,4,7,8], [1,4,7,8], [4,6,7,8], [2,3,7,8], [1,4,7,8], [1,4,5,8], [3,5,6,8], [1,5,6,8], [2,3,4,8], [2,4,6,8], [2,4,6,8], [1,3,7,8], [1,5,7,8], [2,3,5,8], [2,3,6,8], [1,2,7,8], [2,4,5,8], [2,4,5,8], [1,3,6,8], [1,2,7,8], [2,5,6,8], [1,4,5,8], [2,5,7,8], [2,3,6,8]],
      [[1,3,6,8],[1,3,7,8],[1,3,7,8],[2,3,4,8],[2,4,7,8],[3,4,7,8],[1,2,4,8],[2,5,6,8],[1,2,4,8],[2,5,7,8],[1,2,7,8],[1,5,7,8],[1,6,7,8],[3,5,6,8],[2,3,6,8],[1,3,6,8],[4,5,6,8],[2,3,4,8],[2,4,6,8],[1,2,7,8],[1,2,4,8],[1,4,6,8],[1,2,6,8],[1,4,5,8],[1,3,4]],
      [[3,6,7,8],[2,5,7,8],[1,3,4,8],[1,4,5,8],[4,5,7,8],[3,6,7,8],[2,4,5,8],[4,5,7,8],[2,4,6,8],[1,5,7,8],[1,2,7,8],[1,3,6,8],[5,6,7,8],[1,2,3,8],[2,3,4,8],[1,5,6,8],[1,2,6,8],[3,5,7,8],[4,5,6,8],[1,5,7,8],[2,3,6,8],[3,5,7,8],[2,4,6,8],[3,5,6,8],[1,3,5]],
      [[2,5,7,8],[1,4,5,8],[1,4,5,8],[1,5,7,8],[2,3,6,8],[1,3,7,8],[1,2,4,8],[1,2,5,8],[2,3,5,8],[1,3,4,8],[2,3,6,8],[2,6,7,8],[1,5,7,8],[1,2,5,8],[1,3,7,8],[1,3,6,8],[5,6,7,8],[1,5,6,8],[1,4,5,8],[2,3,7,8],[5,6,7,8],[2,3,6,8],[1,3,5,8],[1,3,4,8],[4,5,7]],
      [[1,2,3,8],[2,4,5,8],[2,6,7,8],[1,3,7,8],[3,4,7,8],[1,3,6,8],[1,4,7,8],[4,5,7,8],[1,2,6,8],[2,3,4,8],[1,6,7,8],[3,5,7,8],[1,2,7,8],[1,4,6,8],[3,5,7,8],[1,3,6,8],[1,2,6,8],[1,2,6,8],[2,5,6,8],[2,4,5,8],[1,3,4,8],[1,2,7,8],[1,4,7,8],[4,6,7,8],[1,4,5]]
    ]
  }
}
